{"cameraMode":{"drawMode":0,"name":"Shaded","section":"Shading Mode"},"sceneLighting":true,"audioPlay":false,"sceneViewState":{"showFog":true,"showMaterialUpdate":false,"showSkybox":true,"showFlares":true,"showImageEffects":true,"showParticleSystems":true},"in2DMode":false,"pivot":{"x":4.159999847412109,"y":3.390000343322754,"z":0.0},"rotation":{"x":-0.06797154247760773,"y":-0.049128975719213489,"z":0.0032826242968440058,"w":-0.9964861273765564},"size":68.4072494506836,"orthographic":true}