{"cameraMode":{"drawMode":0,"name":"Shaded","section":"Shading Mode"},"sceneLighting":false,"audioPlay":false,"sceneViewState":{"showFog":true,"showMaterialUpdate":false,"showSkybox":false,"showFlares":true,"showImageEffects":true,"showParticleSystems":true},"in2DMode":false,"pivot":{"x":45.599998474121097,"y":4.550000190734863,"z":41.0},"rotation":{"x":-0.08715350925922394,"y":-0.03526369854807854,"z":0.003067301819100976,"w":-0.9956306219100952},"size":2.8578836917877199,"orthographic":false}