{"cameraMode":{"drawMode":0,"name":"Shaded","section":"Shading Mode"},"sceneLighting":false,"audioPlay":false,"sceneViewState":{"showFog":true,"showMaterialUpdate":false,"showSkybox":false,"showFlares":true,"showImageEffects":true,"showParticleSystems":true},"in2DMode":false,"pivot":{"x":2.97900390625,"y":6.699999809265137,"z":0.5124950408935547},"rotation":{"x":-0.3694060742855072,"y":0.582241952419281,"z":-0.3349364995956421,"w":-0.6422255039215088},"size":4.064198017120361,"orthographic":true}