{"cameraMode":{"drawMode":0,"name":"Shaded","section":"Shading Mode"},"sceneLighting":false,"audioPlay":false,"sceneViewState":{"showFog":true,"showMaterialUpdate":false,"showSkybox":false,"showFlares":true,"showImageEffects":true,"showParticleSystems":true},"in2DMode":false,"pivot":{"x":5.619874000549316,"y":6.554434776306152,"z":1.8984375},"rotation":{"x":0.08139703422784805,"y":-0.6698156595230103,"z":0.07424845546483994,"w":0.7343080639839172},"size":4.3369221687316898,"orthographic":true}