{"cameraMode":{"drawMode":0,"name":"Shaded","section":"Shading Mode"},"sceneLighting":true,"audioPlay":false,"sceneViewState":{"showFog":true,"showMaterialUpdate":false,"showSkybox":true,"showFlares":true,"showImageEffects":true,"showParticleSystems":true},"in2DMode":false,"pivot":{"x":0.11691084504127503,"y":3.2061426639556886,"z":-3.2190916538238527},"rotation":{"x":-0.12344664335250855,"y":-0.14509865641593934,"z":0.018179627135396005,"w":-0.9815322160720825},"size":6.7926926612854,"orthographic":true}