{"cameraMode":{"drawMode":0,"name":"Shaded","section":"Shading Mode"},"sceneLighting":true,"audioPlay":false,"sceneViewState":{"showFog":true,"showMaterialUpdate":false,"showSkybox":true,"showFlares":true,"showImageEffects":true,"showParticleSystems":true},"in2DMode":false,"pivot":{"x":663.5762939453125,"y":736.472900390625,"z":0.0},"rotation":{"x":0.008687557652592659,"y":0.00659951800480485,"z":0.00002291446435265243,"w":-1.0000015497207642},"size":2289.625244140625,"orthographic":false}