{"cameraMode":{"drawMode":0,"name":"Shaded","section":"Shading Mode"},"sceneLighting":false,"audioPlay":false,"sceneViewState":{"showFog":true,"showMaterialUpdate":false,"showSkybox":false,"showFlares":true,"showImageEffects":true,"showParticleSystems":true},"in2DMode":false,"pivot":{"x":0.003896057605743408,"y":12.229165077209473,"z":0.0},"rotation":{"x":-0.07354600727558136,"y":0.9244033694267273,"z":-0.2306312471628189,"w":-0.29479193687438967},"size":6.959403038024902,"orthographic":false}