{"cameraMode":{"drawMode":0,"name":"Shaded","section":"Shading Mode"},"sceneLighting":true,"audioPlay":false,"sceneViewState":{"showFog":true,"showMaterialUpdate":false,"showSkybox":true,"showFlares":true,"showImageEffects":true,"showParticleSystems":true},"in2DMode":false,"pivot":{"x":-0.03579312562942505,"y":0.5848032236099243,"z":-0.042940378189086917},"rotation":{"x":-0.5509964823722839,"y":0.0973627120256424,"z":-0.06434325873851776,"w":-0.8263987302780151},"size":23.377016067504884,"orthographic":true}