{"cameraMode":{"drawMode":0,"name":"Shaded","section":"Shading Mode"},"sceneLighting":true,"audioPlay":false,"sceneViewState":{"showFog":true,"showMaterialUpdate":false,"showSkybox":true,"showFlares":true,"showImageEffects":true,"showParticleSystems":true},"in2DMode":false,"pivot":{"x":-3.7920451164245607,"y":11.00259780883789,"z":6.820799350738525},"rotation":{"x":-0.5509964823722839,"y":0.0973627120256424,"z":-0.06434325873851776,"w":-0.8263987302780151},"size":13.948797225952149,"orthographic":true}