{"cameraMode":{"drawMode":0,"name":"Shaded","section":"Shading Mode"},"sceneLighting":true,"audioPlay":false,"sceneViewState":{"showFog":true,"showMaterialUpdate":false,"showSkybox":true,"showFlares":true,"showImageEffects":true,"showParticleSystems":true},"in2DMode":false,"pivot":{"x":23.467161178588868,"y":-8.487688064575196,"z":29.251798629760743},"rotation":{"x":0.001294886227697134,"y":-0.9842840433120728,"z":0.007704829331487417,"w":0.17667731642723084},"size":1.3055169582366944,"orthographic":false}