{"cameraMode":{"drawMode":0,"name":"Shaded","section":"Shading Mode"},"sceneLighting":true,"audioPlay":false,"sceneViewState":{"showFog":true,"showMaterialUpdate":false,"showSkybox":true,"showFlares":true,"showImageEffects":true,"showParticleSystems":true},"in2DMode":false,"pivot":{"x":23.969999313354493,"y":1.0240000486373902,"z":29.43000030517578},"rotation":{"x":-0.04933767020702362,"y":-0.7889237403869629,"z":-0.06374029815196991,"w":0.6092579364776611},"size":1.6836470365524293,"orthographic":false}