{"cameraMode":{"drawMode":0,"name":"Shaded","section":"Shading Mode"},"sceneLighting":false,"audioPlay":false,"sceneViewState":{"showFog":true,"showMaterialUpdate":false,"showSkybox":true,"showFlares":true,"showImageEffects":true,"showParticleSystems":true},"in2DMode":false,"pivot":{"x":0.29024556279182436,"y":0.06534383445978165,"z":5.439987659454346},"rotation":{"x":-0.04072738438844681,"y":0.05933137610554695,"z":-0.002421580022200942,"w":-0.997422456741333},"size":12.354026794433594,"orthographic":false}