{"cameraMode":{"drawMode":0,"name":"Shaded","section":"Shading Mode"},"sceneLighting":false,"audioPlay":false,"sceneViewState":{"showFog":true,"showMaterialUpdate":false,"showSkybox":false,"showFlares":true,"showImageEffects":true,"showParticleSystems":true},"in2DMode":false,"pivot":{"x":2.97900390625,"y":6.719164848327637,"z":0.5085989236831665},"rotation":{"x":-0.5486581921577454,"y":0.010530932806432248,"z":-0.0069122458808124069,"w":-0.8359529376029968},"size":4.3369221687316898,"orthographic":false}