{"cameraMode":{"drawMode":0,"name":"Shaded","section":"Shading Mode"},"sceneLighting":true,"audioPlay":false,"sceneViewState":{"showFog":true,"showMaterialUpdate":false,"showSkybox":true,"showFlares":true,"showImageEffects":true,"showParticleSystems":true},"in2DMode":false,"pivot":{"x":-3.160317897796631,"y":5.173379421234131,"z":-4.646003723144531},"rotation":{"x":-0.036726102232933047,"y":0.9587537050247192,"z":-0.24104487895965577,"w":-0.14607752859592439},"size":14.022164344787598,"orthographic":false}